Title,Content Type,Description,Priority,Status,Tags
,Social Media,,Medium,,
System Architecture Diagram Updates,Documentation,Update architecture diagrams to reflect new database integrations and character-based agent system.,Medium,In Progress,"Architecture, Documentation, Updates"
Enuma Elish: Philosophical Foundations,Blog Post,Exploration of the philosophical and mythological foundations that inspire the system design.,Medium,Idea,"Foundations, Mythology, Philosophy"
Weekly Market Analysis - Week 1,Newsletter,First edition of weekly market analysis using Tiamat chaos metrics and Marduk order indicators.,Medium,Idea,"Market Analysis, Newsletter, Weekly"
Tiama't Strategy Mutation System Overview,Video,Video explanation of how the strategy mutation and evolution system adapts to market conditions.,Medium,Idea,"Evolution, Strategy, Video"
Social Media Launch Campaign,Social Media,Multi-platform social media campaign to launch the TaK-Tiapmaatzu OS to the market.,High,Idea,"Launch, Marketing, Social Media"
Getting Started with Autonomous Business Operations,Documentation,Quick start guide for businesses looking to implement autonomous operations using the TaK-Tiapmaatzu framework.,High,Idea,"Onboarding, Quick Start, Tutorial"
Tiapma'atzu Autonomous Reasoning Engine,Blog Post,Technical breakdown of the autonomous reasoning and agent execution capabilities.,High,Idea,"AI, Autonomous, Reasoning"
Apzu Financial Ledger Integration Guide,Documentation,Technical documentation for integrating with the central financial ledger and CashingHouse systems.,High,In Progress,"Finance, Integration, Technical"
Marduk's Strategic Decision Framework,Blog Post,Deep dive into the strategic decision-making algorithms inspired by Marduk's victory over Tiamat.,High,Idea,"Algorithms, Decision Making, Strategy"
Introduction to TaK-Tiapmaatzu OS Architecture,Documentation,Comprehensive overview of the Babylonian mythology-inspired autonomous business operating system architecture and core components.,High,Idea,"Architecture, Documentation, Onboarding"