Task,Assigned To,Category,Description,Due Date,Priority,Status
Complete Character Database integration with agent system,,Development,Integrate the Notion Character Database with the autonomous agent system to enable character-based decision making.,"September 12, 2026",High,In Progress
Set up automated content publishing workflow,,Development,Create automated pipeline for publishing content from the Content Calendar to various platforms.,"September 15, 2026",High,Not Started
Implement Marduk strategic decision algorithms,,Development,Develop and implement the core strategic decision-making algorithms inspired by Marduk's framework.,"September 20, 2026",High,In Progress
Configure Apzu financial ledger API connections,,Development,Set up secure API connections to the central financial ledger and CashingHouse systems.,"September 18, 2026",High,Not Started
Design Tiama't chaos metrics dashboard,,Design,Create visualization dashboard for monitoring market chaos metrics and strategy mutation indicators.,"September 25, 2026",Medium,Not Started
Write Tiapma'atzu reasoning engine documentation,,Content,Document the autonomous reasoning engine architecture and usage patterns for developers.,"September 22, 2026",Medium,Not Started
Create onboarding tutorial for new users,,Content,Develop step-by-step tutorial for businesses new to autonomous operations.,"September 30, 2026",Medium,Not Started
Set up weekly market analysis newsletter,,Marketing,Configure automated newsletter generation and distribution for weekly market insights.,"September 28, 2026",Medium,Not Started
Implement security audit for database connections,,Operations,Conduct security audit of all database connections and API integrations.,"September 14, 2026",High,Not Started
Test agent-to-character mapping system,,Development,Test the mapping system that assigns autonomous agents to specific character profiles.,"September 19, 2026",Medium,Not Started
Design system architecture diagrams,,Design,Create comprehensive architecture diagrams showing the interaction between all system components.,"September 16, 2026",Medium,In Progress
Prepare social media launch content,,Marketing,Create and schedule social media content for the official launch campaign.,"September 21, 2026",High,Not Started